{"loss": [3.083397388458252, 2.667381525039673, 2.5716254711151123, 2.5156304836273193, 2.473383665084839, 2.441265821456909, 2.419952392578125, 2.3994429111480713, 2.3829636573791504, 2.3710551261901855, 2.360222578048706, 2.3498387336730957, 2.3413708209991455, 2.331496477127075, 2.3257787227630615, 2.3188960552215576, 2.311927080154419, 2.304548501968384, 2.2996504306793213, 2.294140577316284, 2.289412498474121, 2.2846648693084717, 2.2806944847106934, 2.2745039463043213, 2.272942543029785, 2.268343210220337, 2.2653210163116455, 2.260702133178711, 2.2567622661590576, 2.2531991004943848, 2.2527661323547363, 2.2489051818847656, 2.2432451248168945, 2.2413036823272705, 2.241909980773926, 2.2374675273895264, 2.2360846996307373, 2.23331618309021, 2.230297803878784, 2.2275846004486084, 2.224182367324829, 2.2245595455169678, 2.223496913909912, 2.221025228500366, 2.218794345855713, 2.2154979705810547, 2.215256690979004, 2.213379144668579], "acc": [0.13887763023376465, 0.2139372080564499, 0.24483312666416168, 0.2628057599067688, 0.2733461856842041, 0.2833274006843567, 0.28975456953048706, 0.2959831953048706, 0.3003315031528473, 0.3038206398487091, 0.3080797791481018, 0.3107341527938843, 0.3132871985435486, 0.3152526319026947, 0.31695061922073364, 0.31892821192741394, 0.3220648169517517, 0.3226807713508606, 0.32456111907958984, 0.32605648040771484, 0.3276693522930145, 0.32843121886253357, 0.33119499683380127, 0.33259308338165283, 0.3329821228981018, 0.3337358832359314, 0.33573779463768005, 0.3375127613544464, 0.3376586437225342, 0.339097261428833, 0.338655561208725, 0.339717298746109, 0.34219738841056824, 0.34215688705444336, 0.34195831418037415, 0.3435184955596924, 0.3434293568134308, 0.34492066502571106, 0.34590134024620056, 0.3460269868373871, 0.3473885953426361, 0.34544748067855835, 0.3479032516479492, 0.3482598662376404, 0.3476439118385315, 0.3500308096408844, 0.3500024378299713, 0.34971874952316284], "val_loss": [2.668196678161621, 2.570960760116577, 2.47481632232666, 2.5226473808288574, 2.359377384185791, 2.3362767696380615, 2.3152883052825928, 2.2957284450531006, 2.276735782623291, 2.26910138130188, 2.2615981101989746, 2.2474801540374756, 2.2385995388031006, 2.2304418087005615, 2.227503538131714, 2.2201082706451416, 2.2132527828216553, 2.2100484371185303, 2.2097270488739014, 2.2000181674957275, 2.1964244842529297, 2.1898772716522217, 2.1893792152404785, 2.1847198009490967, 2.1802539825439453, 2.174999475479126, 2.1737630367279053, 2.171566963195801, 2.168362855911255, 2.1635725498199463, 2.1611688137054443, 2.1582562923431396, 2.1576650142669678, 2.1549878120422363, 2.154787540435791, 2.1498818397521973, 2.152703046798706, 2.151675224304199, 2.1454241275787354, 2.143418312072754, 2.1431543827056885, 2.1403703689575195, 2.1407642364501953, 2.1362175941467285, 2.1340150833129883, 2.13381028175354, 2.130828380584717, 2.1302573680877686], "val_acc": [0.21011169254779816, 0.24635684490203857, 0.2731840908527374, 0.26864534616470337, 0.301810622215271, 0.3105963468551636, 0.3113257884979248, 0.32028982043266296, 0.3250717222690582, 0.32555803656578064, 0.32952943444252014, 0.33243098855018616, 0.33461931347846985, 0.3380071520805359, 0.33991992473602295, 0.342043399810791, 0.3455285131931305, 0.34544748067855835, 0.34761959314346313, 0.34872186183929443, 0.35056978464126587, 0.35097500681877136, 0.3534713387489319, 0.3521259129047394, 0.35578933358192444, 0.3575237989425659, 0.35734549164772034, 0.35807493329048157, 0.35886919498443604, 0.3609602749347687, 0.3606198728084564, 0.36130067706108093, 0.36194905638694763, 0.3630189299583435, 0.36110615730285645, 0.362824410200119, 0.3636348843574524, 0.36379697918891907, 0.36395907402038574, 0.36532071232795715, 0.3660339415073395, 0.36726588010787964, 0.3660825788974762, 0.36844921112060547, 0.3689030706882477, 0.3676711320877075, 0.36992430686950684, 0.3689841330051422], "time": [], "training_time": 667.5703604221344}